{"name":"Default","lights":[{"name":"Three directional lights","lights":[{"type":"Ambient","name":"Ambient","intensity":1,"colour":"#050505"},{"type":"Directional","name":"Directional 1","intensity":4.3,"colour":"#ffffff","position":{"X":-0.386,"Y":2.1247198735932264,"Z":0.9533281591001256},"target":{"X":0,"Y":0,"Z":0}},{"type":"Directional","name":"Directional 2","intensity":4.7,"colour":"#ffffff","position":{"X":-1.4428652969425724,"Y":-2.0559893986402566,"Z":1.2875960301346667},"target":{"X":0,"Y":0,"Z":0}},{"type":"Directional","name":"Directional 3","intensity":2.2,"colour":"#ffffff","position":{"X":2.029343186993531,"Y":-1.5261373277629458,"Z":0.6392424265590724},"target":{"X":0,"Y":0,"Z":0},"castShadow":false}]},{"name":"Ambient","lights":[{"type":"Ambient","name":"Ambient","intensity":0.2,"colour":"#ffffff"}]},{"name":"Directional","lights":[{"type":"Directional","name":"Directional","intensity":2.8,"colour":"#ffffff","position":{"X":2.068,"Y":-1.316,"Z":1.771},"target":{"X":0,"Y":0,"Z":0},"castShadow":false}]},{"name":"Spotlight","lights":[{"type":"Spot","name":"Spotlight","intensity":6400,"colour":"#ffffff","position":{"X":1.076,"Y":-1.471,"Z":1},"target":{"X":0,"Y":0,"Z":0},"castShadow":false,"angle":0.416,"decay":1,"penumbra":0.57,"distance":0}]},{"name":"Point light","lights":[{"type":"Point","name":"Point","intensity":10400,"colour":"#ffffff","position":{"X":0.433,"Y":-0.932,"Z":0.324},"castShadow":false,"decay":1,"distance":0}]}],"current":0}